﻿<?xml version="1.0" encoding="UTF-8"?>
<!DOCTYPE struts PUBLIC
 "-//Apache Software Foundation//DTD Struts Configuration 2.3//EN" 
 "struts-2.3.dtd">
 
<struts>

	<include file="configs/strutsConfig/struts_*.xml"></include>
	<constant name="struts.action.extension" value="do,"></constant>
	
	<package name="wx" extends="struts-default" namespace="/">
	<!-- 
		<action name="test" class="com.webpower.mobile.actions.TestAction">
			<param name="adminEmail">booking@webpowerchina.com</param>
			<result type="stream">
				<param name="contentType">text/html</param>
				<param name="inputName">bis</param>
			</result>
		</action>
		 -->
		 <!-- 微信初始化 -->
		 <action name="init" class="com.wx.pc.action.WeiXinInitAction">
				<result type="stream">
				<param name="contentType">text/html</param>
				<param name="inputName">bis</param>
			</result>
		</action>
	
	</package>
</struts>